Trigram,Status,,
ABL,DONE,,
ACH,DONE,,
ACK,DONE,,
AIN,DONE,,
ALL,DONE,,
AND,DONE,,
ATO,DONE,,
BEA,DONE,,
BIL,DONE,,
BOR,DONE,,
BRO,DONE,,
BUL,DONE,,
CAL,DONE,,
CED,DONE,,
CEN,DONE,,
CHE,DONE,,
COL,DONE,,
CRU,DONE,,
CUS,DONE,,
DAT,DONE,,
DEF,DONE,,
DIV,DONE,,
DLY,DONE,,
DUC,DONE,,
ECT,DONE,,
EDE,DONE,fiddledeedee has trigram twice consecutively,
EER,DONE,,
EMP,DONE,,
ENT,DONE,,
ERE,DONE,,
EVI,DONE,,
EXT,DONE,,
FAC,DONE,,
FEA,DONE,,
FIG,DONE,,
FOR,DONE,,
FUN,DONE,,
GAL,DONE,,
GEN,DONE,,
GON,DONE,,
GOR,DONE,,
GUL,DONE,,
HAR,DONE,,
HIS,DONE,,
HOO,DONE,,
HYP,DONE,,
ICK,DONE,"KILLIKINICK <- my name backwards in middle, and parts of name on outside",
IGH,DONE,,
INF,DONE,,
ION,DONE,,
ISC,DONE,,
IST,DONE,,
ITE,DONE,,
KIN,DONE,,
KNO,DONE,,
LAM,DONE,,
LAU,DONE,,
LIA,DONE,,
LOG,DONE,,
LUM,DONE,,
MEA,DONE,,
MIS,DONE,,
MON,DONE,,
MOR,DONE,,
MUL,DONE,,
NAP,DONE,,
NCH,DONE,,
NER,DONE,,
NIC,DONE,,
NTS,DONE,,
OGA,DONE,,
OSE,DONE,,
OUS,DONE,,
PAR,DONE,,
PEC,DONE,,
PER,DONE,,
PLE,DONE,,
PLO,DONE,,
QUA,DONE,,
QUI,DONE,,
RAC,DONE,,
REA,DONE,,
RIM,DONE,,
ROA,DONE,,
ROO,DONE,,
RUM,DONE,,
SAN,DONE,,
SEN,DONE,,
SIZ,DONE,,
SPA,DONE,,
SPE,DONE,,
SUR,DONE,,
TAB,DONE,,
TAM,DONE,,
TEL,DONE,,
THE,DONE,,
THI,DONE,,
TIE,DONE,,
TOG,DONE,,
TOU,DONE,,
TRA,DONE,,
TYP,DONE,,
UAL,DONE,,
UBS,DONE,,
UES,DONE,,
UIN,DONE,,
UMP,DONE,,
UNI,DONE,,
VER,DONE,,
VES,DONE,,
VOL,DONE,,
WEA,DONE,,
WOR,DONE,,
YTH,DONE,,
ZES,DONE,,
ZIN,DONE,,
AIL,maybe,,
ALP,maybe,hard,
AVE,maybe,bonus impossible,
BAB,maybe,12 hard,
BEN,maybe,hard,
DOG,maybe,too much about dog,
DRI,maybe,15 hard,
DUS,maybe,12 tough,
EAM,maybe,,
EDO,maybe,bonus hard,
ELD,maybe,hard,
EMS,maybe,"6 hard, didn’t look beyond 8",
EMU,maybe,very hard,
FIE,maybe,4 tough (fief),
FIL,maybe,bonus tough,
FIS,maybe,bonus tough,
FLI,maybe,bonus hard,
FOO,maybe,bonus hard,
FOU,maybe,bonus hard,
FRE,maybe,bonus hard,
FRI,maybe,,
FUR,MAYBE,"Pretty good, 12 hard",
GOT,maybe,,
HOC,MAYBE,hard,
HUN,maybe,,
JUD,maybe,lot of similar words,
LAD,maybe,hard,
LOC,maybe,,
MAI,maybe,,
MIM,MAYBE,"Not fun, Bonus wicked hard",
MIR,maybe,15 questionable,
MUS,maybe,,
NDO,maybe,5 questionable (CONDO),
NTI,maybe,,
NTO,maybe,5 hard,
NUM,maybe,hard,
OBO,maybe,hard,
OOR,maybe,hard,
PED,maybe,kinda hard,
PEL,maybe,kinda hard,
PES,maybe,bonus hard,
SAF,maybe,"hard, too much about safe",
SLI,MAYBE,hard,
SUP,MAYBE,4 questionable ,SUPE/SUPS
TEC,MAYBE,"4: TECH TECS, 5: TECHS TECHY",
VAI,maybe,,
VIC,maybe,12 hard,
WAR,maybe,,
WAT,maybe,,
WEE,maybe,,
WEL,maybe,,
WER,maybe,,
WES,maybe,,
WIL,maybe,,
WIN,maybe,,
WIT,maybe,bonus hard,
ZEA,maybe,,
ZOO,maybe,,
ACS,no,4-letters too esoteric,
ADJ,no,,
AIC,no,4 questionable,
AIG,no,5 questionable,
AIM,no,bonus too hard,
AJO,no,,
AKO,no,,
ANO,no,,
ARA,NO,4 questionable ,
ARB,no,too chemical,
ARO,no,4 too hard,
ARP,no,,
ASS,no,,
ATM,no,,
BAG,no,,
BAM,no,,
BAN,no,bonus hard,
BOE,no,,
BRA,no,,
BUC,no,,
BUI,no,4 questionable ,
BUN,no,too hard,
BYR,no,,
BYT,no,,
CCE,no,4-letters too esoteric,
CEP,no,,
CIS,no,4 too hard,
CLI,no,,
COC,no,,
COT,no,,
CUM,no,,
DAM,no,,
DEI,no,,
DIB,no,5 questionable,
DIC,no,,
DIE,no,,
DIF,no,4 questionable,
DIP,no,5 too hard,
DOD,no,,
DOT,no,bonus too hard,
DUA,no,,
DUB,no,,
DUE,no,,
DUO,no,,
DUP,no,,
DUR,no,,
DYN,no,,
ECA,no,,
EIR,no,too hard,
EUR,no,,
EUS,no,,
FEU,no,,
FIB,no,,
FIC,no,4 questionable,
FID,no,,
FIT,no,,
FLO,no,,
FOL,no,,
FON,no,,
FOS,no,,
GOB,no,,
GOG,no,,
GOL,no,,
GOO,no,,
GOS,no,,
GOU,no,,
GUI,no,,
HYM,no,,
IAM,no,too hard,
IAN,no,4 questionable,
ICT,no,4 too hard,
ICY,no,,
IDA,no,4 too hard,
IDY,no,,
IEN,no,4 too hard,
IEU,no,,
IEW,no,,
ISB,no,,
IXE,no,,
IZA,no,,
IZZ,no,,
KEP,no,,
KER,no,,
KET,no,,
KON,no,,
LUI,no,,
LYN,no,,
MAZ,no,,
MEO,no,,
MIA,no,4 questionable,
MIE,no,4 questionable,
MIG,no,4 questionable,
MIZ,no,4 esoteric,
MOU,no,4-letter too hard,
MUC,no,,
MYT,no,too myth-y,
NAZ,no,,
NBE,no,,
NEV,no,,
NIE,no,,
NIG,no,,
NLY,no,,
NOA,NO,,
NST,no,,
NUF,no,,
NUL,no,,
NUN,no,,
NUR,no,,
NUT,no,,
OAL,no,bonus too hard,
OCI,no,impossible,
OEA,no,,
OEL,no,,
OEM,no,,
OER,no,bonus too hard,
OES,no,,
OET,no,,
OFU,no,"6-letter only doofus, questonable",
OLM,NO,too hard,
ONA,NO,4-letters too esoteric,
ONC,no,5 too hard,
OOG,no,,
OON,no,bonus too hard,
OPY,no,,
ORL,no,4-letters too esoteric,
OTT,NO,,
OUL,no,hard,
PAE,No,,
PAG,No,,
PAM,No,,
PEE,no,,
PEG,no,too hard,
PEI,no,too hard,
PEN,no,,
PEP,no,too hard,
PHO,no,4 questionable,
PIG,no,,
POE,NO,,
POK,no,hard,
POO,no,,
POU,no,15 impossible,
PSY,no,4 questionable,
PUB,no,,
PUD,no,,
PUG,no,,
PUS,no,,
QUE,no,4 too hard,
QUO,no,bonus too hard,
RAI,no,,
RAO,no,,
RDE,no,,
RDO,no,,
REM,no,4 questionable ,
RGY,no,,
ROI,no,,
ROJ,no,,
RUC,no,4 questionable,
RUI,no,,
SAB,no,4 hard,
SAD,no,4 hard,
SAI,no,bonus too hard,
SAM,no,5 hard,
SCI,no,4-5 too hard,
SHM,no,,
SIS,no,4-letters too esoteric,
SMI,no,4 questionable ,
SOO,no,bonus too hard,
STI,no,inappropriate,
STY,no,,
SUB,no,5 impossible,
SUI,no,,
SYC,no,"4 too hard, too much psych",
TEP,no,bonus too hard,
TET,no,15 too hard,
THA,no,14 too hard,
TIT,no,,
TOA,no,,
TOF,no,,
TOI,no,too hard,
TOK,NO,,
TON,no,bonus hard,
TOO,no,bonus too hard,
TOS,no,,
TUI,no,,
UIC,no,,
UID,no,,
UIL,no,,
UIP,no,,
UIR,no,,
UIS,no,,
UIZ,no,,
UMU,no,,
URF,no,bonus impossible,
URU,no,very hard,
VAG,no,,
VEG,no,,
VEN,no,,
VEX,no,,
VIS,no,4 questionable ,
VOI,no,,
VOR,no,,
VOT,no,,
VUL,no,,
WAB,no,,
WAI,no,bonus too hard,
WAP,no,,
WAS,no,,
WAV,no,,
WEI,no,,
WHA,no,,
WHO,no,,
WIE,no,,
WIF,no,,
WIS,no,,
WRI,no,bonus too hard,
XAM,no,6 impossible,
XON,no,,
YAC,no,,
YAN,no,,
YBE,no,,
YCE,no,,
YCH,no,,
YDE,no,,
YEL,no,,
YER,no,,
YET,no,,
YGO,no,,
YNE,no,,
YOG,no,,
YRA,no,,
YRE,no,,
YRI,no,,
YSE,no,,
YTE,no,,
ZAT,no,4 too hard,
ZIF,no,,
ZOL,no,,
ZON,no,,
ZYG,No,,
ACI,yes,,
BRI,yes,hard,
BUT,YES,kinda hard,
DIN,yes,,
DIR,yes,,
DIS,yes,5 tricky,
DUL,yes,,
EGA,yes,,
EIN,yes,,
FIN,yes,,
FIR,yes,,
INC,yes,,
LLY,yes,,
MIC,yes,,
MID,yes,4 tricky,
MIL,yes,,
MIN,yes,,
MIT,yes,15 hard,
NAG,YES,kinda hard,
PET,yes,,
PUL,yes,,
PUN,yes,,
PUR,yes,,
PUT,yes,,
TWI,yes,,
UIT,yes,,
XPO,yes,,
ABA,,,
ABE,,,
ABI,,,
ABO,,,
ABR,,,
ABS,,,
ABU,,,
ABY,,,
ACA,,,
ACC,,,
ACE,,,
ACO,,,
ACR,,,
ACT,,,
ACY,,,
ADA,,,
ADD,,,
ADE,,,
ADI,,,
ADO,,,
ADR,,,
ADS,,,
ADT,,,
AED,,,
AEM,,,
AEO,,,
AER,,,
AES,,,
AET,,,
AFA,,,
AFF,,,
AFT,,,
AGA,,,
AGE,,,
AGG,,,
AGI,,,
AGM,,,
AGO,,,
AGU,,,
AHE,,,
AIR,,,
AIS,,,
AIT,,,
AKA,,,
AKE,,,
AKI,,,
ALA,,,
ALC,,,
ALD,,,
ALE,,,
ALF,,,
ALG,,,
ALI,,,
ALK,,,
ALM,,,
ALO,,,
ALS,,,
ALT,,,
ALU,,,
ALY,,,
AMA,,,
AMB,,,
AME,,,
AMI,,,
AML,,,
AMM,,,
AMO,,,
AMP,,,
AMS,,,
AMU,,,
AMY,,,
ANA,,,
ANC,,,
ANE,,,
ANG,,,
ANI,,,
ANK,,,
ANN,,,
ANS,,,
ANT,,,
ANU,,,
APA,,,
APE,,,
APH,,,
API,,,
APO,,,
APP,,,
APS,,,
APT,,,
APU,,,
APY,,,
ARC,,,
ARD,,,
ARE,,,
ARG,,,
ARI,,,
ARK,,,
ARL,,,
ARM,,,
ARN,,,
ARR,,,
ARS,,,
ART,,,
ARV,,,
ARY,,,
ASC,,,
ASE,,,
ASH,,,
ASM,,,
ASP,,,
AST,,,
ASU,,,
ASY,,,
ATA,,,
ATE,,,
ATH,,,
ATI,,,
ATS,,,
ATT,,,
ATU,,,
ATY,,,
AUD,,,
AUL,,,
AUM,,,
AUN,,,
AUR,,,
AUS,,,
AUT,,,
AVA,,,
AVI,,,
AVO,,,
AWN,,,
AXE,,,
AXI,,,
AXO,,,
AYE,,,
AZA,,,
AZE,,,
AZI,,,
AZO,,,
BAC,,,
BAL,,,
BAR,,,
BAS,,,
BAT,,,
BBE,,,
BEC,,,
BED,,,
BEG,,,
BEL,,,
BER,,,
BES,,,
BET,,,
BIA,,,
BIB,,,
BIC,,,
BID,,,
BIE,,,
BIF,,,
BIG,,,
BIN,,,
BIO,,,
BIS,,,
BIT,,,
BLA,,,
BLE,,,
BLI,,,
BLO,,,
BLY,,,
BOA,,,
BOB,,,
BOG,,,
BOL,,,
BON,,,
BOP,,,
BOS,,,
BOT,,,
BOU,,,
BOW,,,
BOX,,,
BRE,,,
BUR,,,
BUS,,,
CAB,,,
CAC,,,
CAD,,,
CAM,,,
CAN,,,
CAP,,,
CAR,,,
CAS,,,
CAT,,,
CAU,,,
CCA,,,
CCO,,,
CEA,,,
CEI,,,
CEL,,,
CER,,,
CES,,,
CET,,,
CHA,,,
CHI,,,
CHO,,,
CHT,,,
CHU,,,
CHY,,,
CIA,,,
CID,,,
CIE,,,
CIL,,,
CIN,,,
CIO,,,
CIR,,,
CIT,,,
CIV,,,
CLA,,,
CLE,,,
CLO,,,
CLU,,,
CNE,,,
COA,,,
COB,,,
COD,,,
COE,,,
COG,,,
COH,,,
COI,,,
COM,,,
CON,,,
COO,,,
COP,,,
COR,,,
COS,,,
COU,,,
COV,,,
CRA,,,
CRE,,,
CRI,,,
CRO,,,
CRY,,,
CTA,,,
CTS,,,
CUL,,,
CUN,,,
CUP,,,
CUR,,,
CUT,,,
CYA,,,
CYL,,,
CYS,,,
CYT,,,
DAB,,,
DAC,,,
DAG,,,
DAI,,,
DAL,,,
DAN,,,
DAP,,,
DAR,,,
DAS,,,
DAU,,,
DEA,,,
DEB,,,
DEC,,,
DEE,,,
DEG,,,
DEL,,,
DEM,,,
DEN,,,
DER,,,
DES,,,
DEU,,,
DEV,,,
DEX,,,
DGE,,,
DHO,,,
DIA,,,
DID,,,
DIG,,,
DIL,,,
DIM,,,
DIO,,,
DIT,,,
DLE,,,
DOC,,,
DOL,,,
DOM,,,
DON,,,
DOP,,,
DOR,,,
DOS,,,
DOU,,,
DOW,,,
DOX,,,
DRA,,,
DRE,,,
DRO,,,
DRU,,,
DSO,,,
DYL,,,
EAC,,,
EAD,,,
EAF,,,
EAG,,,
EAK,,,
EAL,,,
EAN,,,
EAP,,,
EAR,,,
EAS,,,
EAT,,,
EAU,,,
EAV,,,
EBA,,,
EBE,,,
EBO,,,
EBU,,,
ECC,,,
ECH,,,
ECK,,,
ECO,,,
ECR,,,
ECU,,,
EDD,,,
EDG,,,
EDI,,,
EDU,,,
EEC,,,
EED,,,
EEL,,,
EEM,,,
EEN,,,
EEP,,,
EES,,,
EET,,,
EEZ,,,
EFE,,,
EFF,,,
EFI,,,
EGE,,,
EGG,,,
EGI,,,
EGM,,,
EGO,,,
EGU,,,
EHE,,,
EIS,,,
EIT,,,
ELA,,,
ELE,,,
ELF,,,
ELI,,,
ELL,,,
ELM,,,
ELO,,,
ELP,,,
ELS,,,
ELT,,,
ELY,,,
EMA,,,
EMB,,,
EME,,,
EMI,,,
EMM,,,
EMN,,,
EMO,,,
EMY,,,
ENA,,,
END,,,
ENE,,,
ENG,,,
ENI,,,
ENO,,,
ENS,,,
ENU,,,
ENV,,,
ENY,,,
EOD,,,
EON,,,
EOR,,,
EOS,,,
EOU,,,
EPA,,,
EPE,,,
EPH,,,
EPI,,,
EPO,,,
EPT,,,
ERA,,,
ERB,,,
ERC,,,
ERD,,,
ERF,,,
ERG,,,
ERI,,,
ERL,,,
ERM,,,
ERN,,,
ERO,,,
ERP,,,
ERR,,,
ERS,,,
ERT,,,
ERU,,,
ERV,,,
ERY,,,
ESA,,,
ESC,,,
ESE,,,
ESH,,,
ESI,,,
ESO,,,
ESP,,,
ESS,,,
EST,,,
ETA,,,
ETC,,,
ETE,,,
ETH,,,
ETI,,,
ETN,,,
ETO,,,
ETS,,,
ETT,,,
ETU,,,
EUD,,,
EUK,,,
EUM,,,
EVA,,,
EVE,,,
EVO,,,
EXA,,,
EXE,,,
EXI,,,
EXO,,,
EXP,,,
EXU,,,
EZZ,,,
FAB,,,
FAI,,,
FAL,,,
FAM,,,
FAN,,,
FAR,,,
FAS,,,
FAT,,,
FAV,,,
FEC,,,
FED,,,
FEE,,,
FEI,,,
FEL,,,
FEM,,,
FEN,,,
FER,,,
FES,,,
FET,,,
FIA,,,
FLA,,,
FLE,,,
FLU,,,
FRA,,,
FRO,,,
FRU,,,
FUG,,,
FUL,,,
FUS,,,
FUT,,,
GAB,,,
GAG,,,
GAI,,,
GAM,,,
GAN,,,
GAR,,,
GAS,,,
GAT,,,
GEA,,,
GED,,,
GEL,,,
GEM,,,
GEO,,,
GER,,,
GES,,,
GET,,,
GHE,,,
GIB,,,
GID,,,
GIE,,,
GIL,,,
GIN,,,
GIO,,,
GIS,,,
GIT,,,
GIV,,,
GIZ,,,
GLA,,,
GLE,,,
GLI,,,
GLO,,,
GLU,,,
GLY,,,
GMA,,,
GNA,,,
GNO,,,
GOD,,,
GRA,,,
GRE,,,
GRI,,,
GRO,,,
GRU,,,
GUA,,,
GUE,,,
GUM,,,
GUR,,,
GUS,,,
GUT,,,
GYN,,,
GYR,,,
HAB,,,
HAC,,,
HAD,,,
HAE,,,
HAG,,,
HAI,,,
HAL,,,
HAM,,,
HAN,,,
HAP,,,
HAS,,,
HAT,,,
HAU,,,
HAV,,,
HAW,,,
HAZ,,,
HEA,,,
HEC,,,
HED,,,
HEE,,,
HEI,,,
HEL,,,
HEM,,,
HEN,,,
HEP,,,
HER,,,
HES,,,
HET,,,
HIA,,,
HIB,,,
HIC,,,
HID,,,
HIE,,,
HIL,,,
HIM,,,
HIN,,,
HIO,,,
HIP,,,
HIR,,,
HIT,,,
HIZ,,,
HOA,,,
HOB,,,
HOD,,,
HOE,,,
HOG,,,
HOL,,,
HOM,,,
HON,,,
HOP,,,
HOR,,,
HOS,,,
HOT,,,
HOU,,,
HOW,,,
HOY,,,
HRI,,,
HRO,,,
HUC,,,
HUM,,,
HUR,,,
HUS,,,
HYE,,,
HYL,,,
HYS,,,
HYT,,,
IAL,,,
IAR,,,
IAS,,,
IAT,,,
IBA,,,
IBE,,,
IBI,,,
ICA,,,
ICE,,,
ICH,,,
ICO,,,
ICS,,,
IDE,,,
IDI,,,
IDO,,,
IDS,,,
IED,,,
IEL,,,
IER,,,
IES,,,
IET,,,
IFE,,,
IFF,,,
IFI,,,
IFT,,,
IGA,,,
IGE,,,
IGG,,,
IGN,,,
IGO,,,
IHI,,,
IKE,,,
IKI,,,
ILA,,,
ILD,,,
ILE,,,
ILI,,,
ILL,,,
ILO,,,
ILT,,,
ILY,,,
IMA,,,
IMB,,,
IME,,,
IMI,,,
IMM,,,
IMN,,,
IMO,,,
IMP,,,
IMS,,,
IMU,,,
INA,,,
INB,,,
IND,,,
INE,,,
ING,,,
INH,,,
INI,,,
INK,,,
INL,,,
INN,,,
INO,,,
INS,,,
INT,,,
INY,,,
IOG,,,
IOL,,,
IOS,,,
IOT,,,
IPA,,,
IPE,,,
IPI,,,
IPO,,,
IPP,,,
IPS,,,
IPT,,,
IRA,,,
IRE,,,
IRI,,,
IRM,,,
IRO,,,
IRR,,,
IRS,,,
IRT,,,
ISA,,,
ISE,,,
ISH,,,
ISI,,,
ISL,,,
ISM,,,
ISN,,,
ISO,,,
ISP,,,
ISS,,,
ITA,,,
ITC,,,
ITH,,,
ITI,,,
ITO,,,
ITS,,,
ITT,,,
ITU,,,
ITY,,,
IUM,,,
IVA,,,
IVE,,,
IVI,,,
IVO,,,
IZE,,,
JAC,,,
JUN,,,
JUR,,,
JUS,,,
KAB,,,
KAL,,,
KAR,,,
KAT,,,
KEA,,,
KEB,,,
KED,,,
KEL,,,
KEN,,,
KIL,,,
KIS,,,
KIT,,,
KNE,,,
KNI,,,
LAB,,,
LAC,,,
LAE,,,
LAG,,,
LAI,,,
LAL,,,
LAN,,,
LAP,,,
LAR,,,
LAS,,,
LAT,,,
LAV,,,
LAX,,,
LCO,,,
LEA,,,
LEB,,,
LEC,,,
LED,,,
LEE,,,
LEG,,,
LEI,,,
LEM,,,
LEN,,,
LEO,,,
LEP,,,
LER,,,
LES,,,
LET,,,
LEU,,,
LEV,,,
LEX,,,
LFA,,,
LIB,,,
LIC,,,
LID,,,
LIE,,,
LIF,,,
LIG,,,
LIK,,,
LIM,,,
LIN,,,
LIO,,,
LIP,,,
LIR,,,
LIS,,,
LIT,,,
LIV,,,
LKA,,,
LKE,,,
LLA,,,
LLS,,,
LMA,,,
LME,,,
LOA,,,
LOB,,,
LOD,,,
LOI,,,
LOM,,,
LON,,,
LOO,,,
LOP,,,
LOR,,,
LOS,,,
LOT,,,
LOU,,,
LOV,,,
LOW,,,
LOY,,,
LUA,,,
LUB,,,
LUC,,,
LUD,,,
LUE,,,
LUL,,,
LUN,,,
LUR,,,
LUS,,,
LUT,,,
LUX,,,
LVA,,,
LYA,,,
LYC,,,
LYE,,,
LYM,,,
LYS,,,
LYT,,,
MAB,,,
MAC,,,
MAD,,,
MAE,,,
MAG,,,
MAK,,,
MAL,,,
MAM,,,
MAN,,,
MAP,,,
MAR,,,
MAS,,,
MAT,,,
MBO,,,
MBU,,,
MEC,,,
MED,,,
MEF,,,
MEG,,,
MEI,,,
MEL,,,
MEM,,,
MEN,,,
MER,,,
MES,,,
MET,,,
MMA,,,
MMO,,,
MOB,,,
MOC,,,
MOD,,,
MOE,,,
MOF,,,
MOG,,,
MOI,,,
MOK,,,
MOL,,,
MOM,,,
MOP,,,
MOS,,,
MOT,,,
MOV,,,
MPE,,,
MPH,,,
MPI,,,
MPS,,,
MPT,,,
MUN,,,
MUT,,,
MYL,,,
MYS,,,
NAB,,,
NAC,,,
NAD,,,
NAI,,,
NAL,,,
NAM,,,
NAN,,,
NAR,,,
NAS,,,
NAT,,,
NAU,,,
NAV,,,
NCE,,,
NCI,,,
NCO,,,
NDE,,,
NDY,,,
NEA,,,
NEB,,,
NEC,,,
NED,,,
NEE,,,
NEF,,,
NEG,,,
NEI,,,
NEM,,,
NEN,,,
NEO,,,
NEP,,,
NES,,,
NET,,,
NEU,,,
NEW,,,
NEX,,,
NFO,,,
NGA,,,
NGO,,,
NGS,,,
NIA,,,
NIB,,,
NID,,,
NIF,,,
NIL,,,
NIM,,,
NIN,,,
NIP,,,
NIS,,,
NIT,,,
NNA,,,
NNO,,,
NOB,,,
NOC,,,
NOD,,,
NOE,,,
NOG,,,
NOI,,,
NOL,,,
NOM,,,
NON,,,
NOP,,,
NOR,,,
NOS,,,
NOT,,,
NOU,,,
NOV,,,
NOW,,,
NSA,,,
NTA,,,
NTE,,,
OAD,,,
OAN,,,
OAR,,,
OAS,,,
OAT,,,
OBA,,,
OBB,,,
OBE,,,
OBI,,,
OBS,,,
OBU,,,
OCA,,,
OCC,,,
OCH,,,
OCK,,,
OCO,,,
OCT,,,
ODA,,,
ODE,,,
ODI,,,
ODO,,,
ODS,,,
ODY,,,
OFF,,,
OFO,,,
OFT,,,
OGE,,,
OGI,,,
OGL,,,
OGO,,,
OGR,,,
OGY,,,
OHE,,,
OHI,,,
OHO,,,
OIC,,,
OID,,,
OIN,,,
OIS,,,
OIT,,,
OKE,,,
OKI,,,
OLA,,,
OLD,,,
OLE,,,
OLI,,,
OLL,,,
OLO,,,
OLS,,,
OLT,,,
OLU,,,
OLY,,,
OMA,,,
OMB,,,
OME,,,
OMI,,,
OMM,,,
OMO,,,
OMP,,,
OMS,,,
OMY,,,
OND,,,
ONE,,,
ONF,,,
ONG,,,
ONI,,,
ONL,,,
ONN,,,
ONO,,,
ONS,,,
ONT,,,
ONU,,,
ONY,,,
OOD,,,
OOF,,,
OOL,,,
OOP,,,
OOT,,,
OPA,,,
OPE,,,
OPH,,,
OPI,,,
OPO,,,
OPP,,,
OPS,,,
OPT,,,
OPU,,,
ORA,,,
ORB,,,
ORC,,,
ORD,,,
ORE,,,
ORF,,,
ORG,,,
ORI,,,
ORK,,,
ORM,,,
ORN,,,
ORO,,,
ORP,,,
ORR,,,
ORS,,,
ORT,,,
ORY,,,
OSA,,,
OSH,,,
OSK,,,
OSS,,,
OST,,,
OSY,,,
OTA,,,
OTE,,,
OTH,,,
OTI,,,
OTO,,,
OTU,,,
OTY,,,
OUC,,,
OUD,,,
OUN,,,
OUR,,,
OUT,,,
OVA,,,
OVE,,,
OVU,,,
OWA,,,
OWD,,,
OWE,,,
OWL,,,
OWN,,,
OWS,,,
OXI,,,
OXY,,,
OYA,,,
OYE,,,
OZO,,,
PAC,,,
PAI,,,
PAL,,,
PAN,,,
PAS,,,
PAT,,,
PEA,,,
PHA,,,
PHE,,,
PHI,,,
PHU,,,
PIA,,,
PIC,,,
PIE,,,
PIN,,,
PIO,,,
PIP,,,
PIR,,,
PIS,,,
PIT,,,
PIZ,,,
PLA,,,
PLI,,,
PLU,,,
POC,,,
POD,,,
POG,,,
POI,,,
POL,,,
POM,,,
PON,,,
POP,,,
POR,,,
POS,,,
POT,,,
POW,,,
PPO,,,
PRA,,,
PRE,,,
PRI,,,
PRO,,,
PRU,,,
PSE,,,
PSI,,,
PSO,,,
PTA,,,
PYR,,,
RAB,,,
RAD,,,
RAE,,,
RAF,,,
RAG,,,
RAH,,,
RAJ,,,
RAL,,,
RAM,,,
RAN,,,
RAP,,,
RAR,,,
RAS,,,
RAT,,,
RAU,,,
RAV,,,
RAW,,,
RAY,,,
RAZ,,,
RBA,,,
RCA,,,
RCH,,,
RCO,,,
RDS,,,
REB,,,
REC,,,
RED,,,
REE,,,
REF,,,
REG,,,
REH,,,
REI,,,
REK,,,
REL,,,
REN,,,
REO,,,
REP,,,
RER,,,
RES,,,
RET,,,
REV,,,
REX,,,
RFE,,,
RGE,,,
RGO,,,
RHE,,,
RHO,,,
RHU,,,
RIA,,,
RIB,,,
RIC,,,
RID,,,
RIE,,,
RIF,,,
RIG,,,
RIK,,,
RIL,,,
RIN,,,
RIO,,,
RIP,,,
RIS,,,
RIT,,,
RIV,,,
RIZ,,,
RLE,,,
RMS,,,
RNA,,,
RNE,,,
ROB,,,
ROC,,,
ROD,,,
ROE,,,
ROF,,,
ROG,,,
ROK,,,
ROL,,,
ROM,,,
RON,,,
ROP,,,
ROR,,,
ROS,,,
ROT,,,
ROU,,,
ROV,,,
ROW,,,
RPA,,,
RPS,,,
RRA,,,
RSA,,,
RSE,,,
RST,,,
RTI,,,
RTS,,,
RTY,,,
RUD,,,
RUE,,,
RUL,,,
RUN,,,
RUS,,,
RUT,,,
RVA,,,
RVO,,,
RYL,,,
RYN,,,
RYO,,,
RYP,,,
RYS,,,
SAC,,,
SAG,,,
SAL,,,
SAP,,,
SAR,,,
SAS,,,
SAT,,,
SAU,,,
SAV,,,
SAY,,,
SCA,,,
SCO,,,
SCR,,,
SCU,,,
SEA,,,
SEC,,,
SED,,,
SEE,,,
SEG,,,
SEI,,,
SEL,,,
SEM,,,
SEP,,,
SER,,,
SES,,,
SET,,,
SEW,,,
SEX,,,
SHA,,,
SHE,,,
SHI,,,
SHO,,,
SIA,,,
SIB,,,
SIC,,,
SID,,,
SIE,,,
SIF,,,
SIG,,,
SIL,,,
SIM,,,
SIN,,,
SIP,,,
SIR,,,
SIT,,,
SKA,,,
SKE,,,
SKI,,,
SLA,,,
SLE,,,
SLO,,,
SLU,,,
SME,,,
SMO,,,
SMS,,,
SMU,,,
SNA,,,
SNE,,,
SNI,,,
SOB,,,
SOC,,,
SOD,,,
SOF,,,
SOG,,,
SOI,,,
SOL,,,
SOM,,,
SON,,,
SOP,,,
SOR,,,
SOS,,,
SOT,,,
SOU,,,
SPI,,,
SPO,,,
SPR,,,
SPU,,,
SSA,,,
SSE,,,
STA,,,
STE,,,
STO,,,
STS,,,
STU,,,
SUC,,,
SUG,,,
SUL,,,
SUM,,,
SUS,,,
SWE,,,
SWO,,,
SYL,,,
SYN,,,
SYP,,,
TAC,,,
TAD,,,
TAE,,,
TAG,,,
TAH,,,
TAI,,,
TAK,,,
TAL,,,
TAN,,,
TAP,,,
TAR,,,
TAS,,,
TAT,,,
TAX,,,
TCH,,,
TEA,,,
TED,,,
TEE,,,
TEF,,,
TEG,,,
TEI,,,
TEM,,,
TEN,,,
TER,,,
TES,,,
TEX,,,
THO,,,
THR,,,
THS,,,
THU,,,
TIA,,,
TIC,,,
TID,,,
TIF,,,
TIG,,,
TIL,,,
TIM,,,
TIN,,,
TIP,,,
TIR,,,
TIS,,,
TIV,,,
TIZ,,,
TMA,,,
TOB,,,
TOC,,,
TOD,,,
TOE,,,
TOL,,,
TOM,,,
TOP,,,
TOR,,,
TOT,,,
TOZ,,,
TRE,,,
TRI,,,
TRO,,,
TRU,,,
TRY,,,
TTO,,,
TUA,,,
TUB,,,
TUD,,,
TUL,,,
TUM,,,
TUN,,,
TUP,,,
TUR,,,
TUS,,,
TUT,,,
TWA,,,
TWO,,,
TYR,,,
UAD,,,
UAG,,,
UAI,,,
UAN,,,
UAR,,,
UAT,,,
UBA,,,
UBE,,,
UCA,,,
UCE,,,
UCH,,,
UCI,,,
UCK,,,
UCO,,,
UCT,,,
UDA,,,
UDE,,,
UDI,,,
UDO,,,
UER,,,
UET,,,
UFF,,,
UGA,,,
UGE,,,
UGG,,,
UGH,,,
ULA,,,
ULE,,,
ULF,,,
ULI,,,
ULL,,,
ULN,,,
ULP,,,
ULS,,,
ULT,,,
UMA,,,
UMB,,,
UME,,,
UMF,,,
UMM,,,
UMO,,,
UMS,,,
UNA,,,
UNB,,,
UNC,,,
UND,,,
UNE,,,
UNG,,,
UNH,,,
UNK,,,
UNN,,,
UNS,,,
UNT,,,
UPA,,,
UPE,,,
UPH,,,
UPT,,,
URA,,,
URB,,,
URD,,,
URE,,,
URG,,,
URI,,,
URL,,,
URN,,,
URO,,,
URP,,,
URR,,,
URS,,,
URT,,,
URV,,,
USA,,,
USC,,,
USE,,,
USP,,,
USS,,,
UST,,,
UTA,,,
UTE,,,
UTH,,,
UTI,,,
UTO,,,
UTS,,,
UTT,,,
UTU,,,
UTY,,,
UVE,,,
VAC,,,
VAL,,,
VAN,,,
VAR,,,
VAS,,,
VAT,,,
VEA,,,
VEL,,,
VIA,,,
VIB,,,
VID,,,
VIE,,,
VIG,,,
VIL,,,
VIN,,,
VIO,,,
VIR,,,
VIT,,,
VIV,,,
VIZ,,,
WHI,,,
WOM,,,
WON,,,
XEN,,,
XER,,,
XES,,,
XID,,,
XIM,,,
XIS,,,
XIT,,,
YIN,,,
YLA,,,
YLE,,,
YLI,,,
YMA,,,
YME,,,
YMP,,,
YNA,,,
YNC,,,
YOL,,,
YPE,,,
YPH,,,
YPO,,,
YPS,,,
YRO,,,
YST,,,
ZAN,,,
ZAR,,,
ZED,,,
ZER,,,